-- MySQL dump 10.13  Distrib 5.7.12, for osx10.9 (x86_64)
--
-- Host: localhost    Database: community
-- ------------------------------------------------------
-- Server version	5.7.13

/*!40101 SET @OLD_CHARACTER_SET_CLIENT=@@CHARACTER_SET_CLIENT */;
/*!40101 SET @OLD_CHARACTER_SET_RESULTS=@@CHARACTER_SET_RESULTS */;
/*!40101 SET @OLD_COLLATION_CONNECTION=@@COLLATION_CONNECTION */;
/*!40101 SET NAMES utf8 */;
/*!40103 SET @OLD_TIME_ZONE=@@TIME_ZONE */;
/*!40103 SET TIME_ZONE='+00:00' */;
/*!40014 SET @OLD_UNIQUE_CHECKS=@@UNIQUE_CHECKS, UNIQUE_CHECKS=0 */;
/*!40014 SET @OLD_FOREIGN_KEY_CHECKS=@@FOREIGN_KEY_CHECKS, FOREIGN_KEY_CHECKS=0 */;
/*!40101 SET @OLD_SQL_MODE=@@SQL_MODE, SQL_MODE='NO_AUTO_VALUE_ON_ZERO' */;
/*!40111 SET @OLD_SQL_NOTES=@@SQL_NOTES, SQL_NOTES=0 */;

--
-- Table structure for table `elec`
--

DROP TABLE IF EXISTS `elec`;
/*!40101 SET @saved_cs_client     = @@character_set_client */;
/*!40101 SET character_set_client = utf8 */;
CREATE TABLE `elec` (
  `house` int(10) NOT NULL,
  `expense` decimal(7,2) DEFAULT '0.00',
  `status` varchar(255) NOT NULL,
  `id` int(11) NOT NULL AUTO_INCREMENT,
  `createdAt` datetime DEFAULT NULL,
  `updatedAt` datetime DEFAULT NULL,
  PRIMARY KEY (`id`),
  UNIQUE KEY `house_UNIQUE` (`house`)
) ENGINE=InnoDB AUTO_INCREMENT=5 DEFAULT CHARSET=utf8;
/*!40101 SET character_set_client = @saved_cs_client */;

--
-- Dumping data for table `elec`
--

LOCK TABLES `elec` WRITE;
/*!40000 ALTER TABLE `elec` DISABLE KEYS */;
INSERT INTO `elec` VALUES (1,0.00,'ENABLE',1,'2016-04-20 20:20:20','2016-05-18 18:21:29'),(2,0.00,'ENABLE',2,'2016-04-20 20:20:20','2016-05-14 14:44:16'),(3,0.00,'ENABLE',3,'0000-00-00 00:00:00','2016-10-24 23:41:40'),(4,0.00,'ENABLE',4,'0000-00-00 00:00:00','2016-05-13 00:53:13');
/*!40000 ALTER TABLE `elec` ENABLE KEYS */;
UNLOCK TABLES;

--
-- Table structure for table `house`
--

DROP TABLE IF EXISTS `house`;
/*!40101 SET @saved_cs_client     = @@character_set_client */;
/*!40101 SET character_set_client = utf8 */;
CREATE TABLE `house` (
  `detailAdd` varchar(255) NOT NULL,
  `owner` int(10) DEFAULT NULL,
  `id` int(10) NOT NULL AUTO_INCREMENT,
  `createdAt` datetime DEFAULT NULL,
  `elecStatus` int(10) NOT NULL,
  `proStatus` int(10) NOT NULL,
  `updatedAt` datetime DEFAULT NULL,
  PRIMARY KEY (`id`)
) ENGINE=InnoDB AUTO_INCREMENT=5 DEFAULT CHARSET=utf8;
/*!40101 SET character_set_client = @saved_cs_client */;

--
-- Dumping data for table `house`
--

LOCK TABLES `house` WRITE;
/*!40000 ALTER TABLE `house` DISABLE KEYS */;
INSERT INTO `house` VALUES ('3单元101',4,1,'0000-00-00 00:00:00',1,1,'2016-05-14 16:37:03'),('3单元102',2,2,NULL,2,2,NULL),('3单元103',8,3,'0000-00-00 00:00:00',3,3,NULL),('3单元104',4,4,'0000-00-00 00:00:00',4,4,NULL);
/*!40000 ALTER TABLE `house` ENABLE KEYS */;
UNLOCK TABLES;

--
-- Table structure for table `person`
--

DROP TABLE IF EXISTS `person`;
/*!40101 SET @saved_cs_client     = @@character_set_client */;
/*!40101 SET character_set_client = utf8 */;
CREATE TABLE `person` (
  `name` varchar(255) NOT NULL,
  `sex` varchar(255) NOT NULL,
  `nation` varchar(255) NOT NULL,
  `education` varchar(255) DEFAULT NULL,
  `work` varchar(255) DEFAULT NULL,
  `company` varchar(255) DEFAULT NULL,
  `phone` varchar(255) DEFAULT NULL,
  `identity` varchar(18) NOT NULL,
  `id` int(10) NOT NULL AUTO_INCREMENT,
  `birthday` date DEFAULT NULL,
  `createdAt` datetime DEFAULT NULL,
  `house` int(10) NOT NULL,
  `updatedAt` datetime DEFAULT NULL,
  PRIMARY KEY (`id`),
  UNIQUE KEY `identity` (`identity`)
) ENGINE=InnoDB AUTO_INCREMENT=188 DEFAULT CHARSET=utf8;
/*!40101 SET character_set_client = @saved_cs_client */;

--
-- Dumping data for table `person`
--

LOCK TABLES `person` WRITE;
/*!40000 ALTER TABLE `person` DISABLE KEYS */;
INSERT INTO `person` VALUES ('31231231','男','dasda','小学','','daxue ','12313123','12312312312313',1,'1899-03-31','0000-00-00 00:00:00',2,'2016-05-18 21:38:27'),('测试2 ','女','汉族','高中','矿工','黄金矿公司','18800020002','452323199990909111',2,'2016-05-10','2000-00-00 00:00:00',4,'2016-05-02 16:17:51'),('测试4','女','壮族','高中','工人','工地','1880000000','312312',4,'2016-05-12','2016-05-01 00:00:00',1,'2016-05-02 17:12:45'),('测试7','女','壮族','高中','工人','工地','18800000009','75678',7,'1995-01-02','2016-05-01 00:00:00',2,NULL),('测试8','女','壮族','高中','工人','工地','18800000008','8678',8,'1995-01-02','2016-05-01 00:00:00',3,NULL),('测试9','女','壮族','高中','工人','工地','18800002070','55',71,'0000-00-00','2016-05-01 00:00:00',4,NULL),('测试9','女','壮族','高中','工人','工地','188000010070','434',72,'0000-00-00','2016-05-01 00:00:00',4,NULL),('测试9','女','壮族','高中','工人','工地','18800090070','333',73,'0000-00-00','2016-05-01 00:00:00',4,NULL),('测试9','女','壮族','高中','工人','工地','1','131231',74,'0000-00-00','2016-05-01 00:00:00',4,NULL),('测试9','女','壮族','高中','工人','工地','31232131','23',75,'0000-00-00','2016-05-01 00:00:00',4,NULL),('测试9','女','壮族','高中','工人','工地','1321','33',76,'0000-00-00','2016-05-01 00:00:00',4,NULL),('测试9','女','壮族','高中','工人','工地','31231','222',77,'0000-00-00','2016-05-01 00:00:00',4,NULL),('测试9','女','壮族','高中','工人','工地','111111111','111',78,'0000-00-00','2016-05-01 00:00:00',4,NULL),('测试9','女','壮族','高中','工人','工地','323','1',79,'0000-00-00','2016-05-01 00:00:00',4,NULL),('测试9','女','壮族','高中','工人','工地','188000020070','2',80,'0000-00-00','2016-05-01 00:00:00',4,NULL),('测试9','女','壮族','高中','工人','工地','4234','3',81,'0000-00-00','2016-05-01 00:00:00',4,NULL),('测试9','女','壮族','高中','工人','工地','444','4',82,'0000-00-00','2016-05-01 00:00:00',4,NULL),('tyt','男','dasda',NULL,NULL,NULL,'213123123123123','12312312312313213',83,NULL,'2016-05-15 17:22:02',1,'2016-05-15 17:22:02'),('1231231313','男','1312','高中','在职','123123123','123123122131313','1312313123123',84,'2016-06-08','2016-05-15 17:23:31',1,'2016-05-15 17:23:31'),('1231231313','男','1312','高中','在职','123123123','23232','222222',87,'2016-06-08','2016-05-15 17:23:31',1,'2016-05-15 17:23:31'),('1231231313','男','1312','高中','在职','123123123','222','3333',88,'2016-06-08','2016-05-15 17:23:31',1,'2016-05-15 17:23:31'),('测试7','女','壮族','高中','工人','工地','188000000039','756782',89,'1995-01-02','2016-05-01 00:00:00',2,NULL),('测试','男','汉族','大学','测试','测试','123123','123123',90,NULL,'2016-11-09 22:19:19',2,'2016-11-09 22:19:19'),('测试','男','汉族','大学','测试','测试','1231232','1231233',91,NULL,'2016-11-09 22:19:25',2,'2016-11-09 22:19:25'),('测试','男','汉族','大学','测试','测试','12312322','12312332',92,NULL,'2016-11-09 22:19:29',2,'2016-11-09 22:19:29'),('测试','男','汉族','大学','测试','测试','123123223','123123322',93,NULL,'2016-11-09 22:19:33',2,'2016-11-09 22:19:33'),('测试','男','汉族','大学','测试','测试','1231232238','1231233228',94,NULL,'2016-11-09 22:19:37',2,'2016-11-09 22:19:37'),('测试','男','汉族','大学','测试','测试','12312322385','12312332286',95,NULL,'2016-11-09 22:19:44',2,'2016-11-09 22:19:44'),('测试','男','汉族','大学','测试','测试','123312322385','122312332286',96,NULL,'2016-11-09 22:20:09',2,'2016-11-09 22:20:09'),('测试','男','汉族','大学','测试','测试','1233212322385','1242312332286',97,NULL,'2016-11-09 22:20:13',2,'2016-11-09 22:20:13'),('测试','男','汉族','大学','测试','测试','123322322385','1312332286',99,NULL,'2016-11-09 22:20:19',2,'2016-11-09 22:20:19'),('测试','男','汉族','大学','测试','测试','1233242322385','11312332286',100,NULL,'2016-11-09 22:20:22',2,'2016-11-09 22:20:22'),('测试','男','汉族','大学','测试','测试','1233222385','1112332286',101,NULL,'2016-11-09 22:20:28',2,'2016-11-09 22:20:28'),('测试','男','汉族','大学','测试','测试','12332232385','11112332286',102,NULL,'2016-11-09 22:20:32',2,'2016-11-09 22:20:32'),('测试','男','汉族','大学','测试','测试','12332242385','1111332286',103,NULL,'2016-11-09 22:20:36',2,'2016-11-09 22:20:36'),('测试','男','汉族','大学','测试','测试','12332241385','11115332286',104,NULL,'2016-11-09 22:20:40',2,'2016-11-09 22:20:40'),('测试','男','汉族','大学','测试','测试','123322415385','11115362286',106,NULL,'2016-11-09 22:20:45',2,'2016-11-09 22:20:45'),('测试','男','汉族','大学','测试','测试','1233224153855','111153642286',107,NULL,'2016-11-09 22:20:47',2,'2016-11-09 22:20:47'),('测试','男','汉族','大学','测试','测试','12332241538545','11115364286',108,NULL,'2016-11-09 22:20:49',2,'2016-11-09 22:20:49'),('测试','男','汉族','大学','测试','测试','1233224153545','1111536486',109,NULL,'2016-11-09 22:20:52',2,'2016-11-09 22:20:52'),('测试','男','汉族','大学','测试','测试','123322415345','111153646',110,NULL,'2016-11-09 22:20:55',2,'2016-11-09 22:20:55'),('测试','男','汉族','大学','测试','测试','1233224153451','1111536426',111,NULL,'2016-11-09 22:20:58',2,'2016-11-09 22:20:58'),('测试','男','汉族','大学','测试','测试','1233224153453','11115364261',112,NULL,'2016-11-09 22:21:01',2,'2016-11-09 22:21:01'),('测试','男','汉族','大学','测试','测试','12332241534530','11115364260',113,NULL,'2016-11-09 22:21:05',2,'2016-11-09 22:21:05'),('测试','男','汉族','大学','测试','测试','123322415345301','111153642',114,NULL,'2016-11-09 22:21:43',2,'2016-11-09 22:21:43'),('测试','男','汉族','大学','测试','测试','12332241535301','11115364',115,NULL,'2016-11-09 22:21:46',2,'2016-11-09 22:21:46'),('测试','男','汉族','大学','测试','测试','1233224155301','1111534',116,NULL,'2016-11-09 22:21:48',2,'2016-11-09 22:21:48'),('测试','男','汉族','大学','测试','测试','123322415501','11115341',117,NULL,'2016-11-09 22:21:51',2,'2016-11-09 22:21:51'),('测试','男','汉族','大学','测试','测试','12332241501','1111541',118,NULL,'2016-11-09 22:21:53',2,'2016-11-09 22:21:53'),('测试','男','汉族','大学','测试','测试','1233224150','11115412',119,NULL,'2016-11-09 22:21:56',2,'2016-11-09 22:21:56'),('测试','男','汉族','大学','测试','测试','12332241502','111154120',120,NULL,'2016-11-09 22:22:01',2,'2016-11-09 22:22:01'),('测试','男','汉族','大学','测试','测试','123322415021','111154121',122,NULL,'2016-11-09 22:22:05',2,'2016-11-09 22:22:05'),('测试','男','汉族','大学','测试','测试','123322','1111541210',123,NULL,'2016-11-09 22:22:10',2,'2016-11-09 22:22:10'),('测试','男','汉族','大学','测试','测试','1233221','111141210',124,NULL,'2016-11-09 22:22:14',2,'2016-11-09 22:22:14'),('测试','男','汉族','大学','测试','测试','12332211','11141210',125,NULL,'2016-11-09 22:22:17',2,'2016-11-09 22:22:17'),('测试','男','汉族','大学','测试','测试','123322121','1114210',126,NULL,'2016-11-09 22:22:20',2,'2016-11-09 22:22:20'),('测试','男','汉族','大学','测试','测试','1233211','111421210',134,NULL,'2016-11-09 22:22:40',2,'2016-11-09 22:22:40'),('测试','男','汉族','大学','测试','测试','12332117','111491210',136,NULL,'2016-11-09 22:22:45',2,'2016-11-09 22:22:45'),('测试','男','汉族','大学','测试','测试','123321179','1114910210',137,NULL,'2016-11-09 22:22:49',2,'2016-11-09 22:22:49'),('测试','男','汉族','大学','测试','测试','12332117','111491010',138,NULL,'2016-11-09 22:22:53',2,'2016-11-09 22:22:53'),('测试','男','汉族','大学','测试','测试','123321170','11149010',139,NULL,'2016-11-09 22:22:56',2,'2016-11-09 22:22:56'),('测试','男','汉族','大学','测试','测试','12332110','1114910',140,NULL,'2016-11-09 22:22:58',2,'2016-11-09 22:22:58'),('测试','男','汉族','大学','测试','测试','1233210','114910',141,NULL,'2016-11-09 22:23:01',2,'2016-11-09 22:23:01'),('测试','男','汉族','大学','测试','测试','12210','14910',142,NULL,'2016-11-09 22:23:03',2,'2016-11-09 22:23:03'),('测试','男','汉族','大学','测试','测试','122100','149100',144,NULL,'2016-11-09 22:23:13',2,'2016-11-09 22:23:13'),('测试','男','汉族','大学','测试','测试','1221009','1491009',145,NULL,'2016-11-09 22:23:18',2,'2016-11-09 22:23:18'),('测试','男','汉族','大学','测试','测试','1221008','1491008',146,NULL,'2016-11-09 22:23:22',2,'2016-11-09 22:23:22'),('测试','男','汉族','大学','测试','测试','1221007','1491007',147,NULL,'2016-11-09 22:23:26',2,'2016-11-09 22:23:26'),('测试','男','汉族','大学','测试','测试','12210074','14910007',149,NULL,'2016-11-09 22:23:32',2,'2016-11-09 22:23:32'),('测试','男','汉族','大学','测试','测试','1221007','1490007',150,NULL,'2016-11-09 22:23:36',2,'2016-11-09 22:23:36'),('测试','男','汉族','大学','测试','测试','12210207','14920007',151,NULL,'2016-11-09 22:23:39',2,'2016-11-09 22:23:39'),('测试','男','汉族','大学','测试','测试','122102047','149230007',152,NULL,'2016-11-09 22:23:42',2,'2016-11-09 22:23:42'),('测试','男','汉族','大学','测试','测试','1221020457','14923007',153,NULL,'2016-11-09 22:23:44',2,'2016-11-09 22:23:44'),('测试','男','汉族','大学','测试','测试','122102047','14923107',154,NULL,'2016-11-09 22:23:47',2,'2016-11-09 22:23:47'),('测试','男','汉族','大学','测试','测试','1221020479','149231007',156,NULL,'2016-11-09 22:23:50',2,'2016-11-09 22:23:50'),('测试','男','汉族','大学','测试','测试','122102047','14923100',157,NULL,'2016-11-09 22:23:53',2,'2016-11-09 22:23:53'),('测试','男','汉族','大学','测试','测试','1221020478','149231010',158,NULL,'2016-11-09 22:23:58',2,'2016-11-09 22:23:58'),('测试','男','汉族','大学','测试','测试','122102047','149231030',159,NULL,'2016-11-09 22:25:03',2,'2016-11-09 22:25:03'),('测试','男','汉族','大学','测试','测试','1221020479','1492310130',160,NULL,'2016-11-09 22:25:06',2,'2016-11-09 22:25:06'),('测试','男','汉族','大学','测试','测试','122102047','14923101230',161,NULL,'2016-11-09 22:25:08',2,'2016-11-09 22:25:08'),('测试','男','汉族','大学','测试','测试','12210204700','1492310230',162,NULL,'2016-11-09 22:25:12',2,'2016-11-09 22:25:12'),('测试','男','汉族','大学','测试','测试','1221020400','149231230',163,NULL,'2016-11-09 22:25:15',2,'2016-11-09 22:25:15'),('测试','男','汉族','大学','测试','测试','12210204020','1492312230',164,NULL,'2016-11-09 22:25:18',2,'2016-11-09 22:25:18'),('测试','男','汉族','大学','测试','测试','1221020402','14923130',166,NULL,'2016-11-09 22:25:22',2,'2016-11-09 22:25:22'),('测试','男','汉族','大学','测试','测试','12210204024','149231320',167,NULL,'2016-11-09 22:25:26',2,'2016-11-09 22:25:26'),('测试','男','汉族','大学','测试','测试','12210204024','1492310',168,NULL,'2016-11-09 22:25:28',2,'2016-11-09 22:25:28'),('测试','男','汉族','大学','测试','测试','1221024','192310',169,NULL,'2016-11-09 22:25:33',2,'2016-11-09 22:25:33'),('测试','男','汉族','大学','测试','测试','12210224','1192310',170,NULL,'2016-11-09 22:25:35',2,'2016-11-09 22:25:35'),('测试','男','汉族','大学','测试','测试','12214','1194310',171,NULL,'2016-11-09 22:25:39',2,'2016-11-09 22:25:39'),('测试','男','汉族','大学','测试','测试','12211114','11942310',172,NULL,'2016-11-09 22:25:42',2,'2016-11-09 22:25:42'),('测试','男','汉族','大学','测试','测试','122111143','119423160',173,NULL,'2016-11-09 22:25:44',2,'2016-11-09 22:25:44'),('测试','男','汉族','大学','测试','测试','1221111435','1194231460',174,NULL,'2016-11-09 22:25:47',2,'2016-11-09 22:25:47'),('测试','男','汉族','大学','测试','测试','122111143522','119423146660',175,NULL,'2016-11-09 22:25:52',2,'2016-11-09 22:25:52'),('测试','男','汉族','大学','测试','测试','122111143522','1194231660',176,NULL,'2016-11-09 22:25:54',2,'2016-11-09 22:25:54'),('测试','男','汉族','大学','测试','测试','1221111422','11942231660',179,NULL,'2016-11-09 22:26:03',2,'2016-11-09 22:26:03'),('测试','男','汉族','大学','测试','测试','122111142','119422316600',180,NULL,'2016-11-09 22:26:09',2,'2016-11-09 22:26:09'),('测试','男','汉族','大学','测试','测试','122111142','11942231600',181,NULL,'2016-11-09 22:26:11',2,'2016-11-09 22:26:11'),('测试','男','汉族','大学','测试','测试','1221111421','1194221600',182,NULL,'2016-11-09 22:26:14',2,'2016-11-09 22:26:14'),('测试','男','汉族','大学','测试','测试','12211114221','11942200',183,NULL,'2016-11-09 22:26:17',2,'2016-11-09 22:26:17'),('测试','男','汉族','大学','测试','测试','1221111','1142200',184,NULL,'2016-11-09 22:26:21',2,'2016-11-09 22:26:21'),('测试','男','汉族','大学','测试','测试','1221111','192200',185,NULL,'2016-11-09 22:26:25',2,'2016-11-09 22:26:25'),('测试','男','汉族','大学','测试','测试','122111','1192200',186,NULL,'2016-11-09 22:26:28',2,'2016-11-09 22:26:28'),('测试','男','汉族','大学','测试','测试','1221111','11920200',187,NULL,'2016-11-09 22:26:31',2,'2016-11-09 22:26:31');
/*!40000 ALTER TABLE `person` ENABLE KEYS */;
UNLOCK TABLES;

--
-- Table structure for table `property`
--

DROP TABLE IF EXISTS `property`;
/*!40101 SET @saved_cs_client     = @@character_set_client */;
/*!40101 SET character_set_client = utf8 */;
CREATE TABLE `property` (
  `house` int(10) NOT NULL,
  `expense` decimal(7,2) DEFAULT '0.00',
  `status` varchar(255) NOT NULL,
  `id` int(11) NOT NULL AUTO_INCREMENT,
  `createdAt` datetime DEFAULT NULL,
  `updatedAt` datetime DEFAULT NULL,
  PRIMARY KEY (`id`),
  UNIQUE KEY `house_UNIQUE` (`house`)
) ENGINE=InnoDB AUTO_INCREMENT=5 DEFAULT CHARSET=utf8;
/*!40101 SET character_set_client = @saved_cs_client */;

--
-- Dumping data for table `property`
--

LOCK TABLES `property` WRITE;
/*!40000 ALTER TABLE `property` DISABLE KEYS */;
INSERT INTO `property` VALUES (1,0.00,'ENABLE',1,'2016-04-20 20:20:20','2016-05-14 15:22:39'),(2,0.00,'ENABLE',2,'2016-04-20 20:20:20','2016-05-14 14:46:30'),(3,8.88,'ENABLE',3,'0000-00-00 00:00:00',NULL),(4,0.00,'ENABLE',4,NULL,NULL);
/*!40000 ALTER TABLE `property` ENABLE KEYS */;
UNLOCK TABLES;

--
-- Table structure for table `role`
--

DROP TABLE IF EXISTS `role`;
/*!40101 SET @saved_cs_client     = @@character_set_client */;
/*!40101 SET character_set_client = utf8 */;
CREATE TABLE `role` (
  `id` int(10) NOT NULL AUTO_INCREMENT,
  `name` varchar(255) COLLATE utf8_bin NOT NULL,
  `permissions` varchar(255) COLLATE utf8_bin DEFAULT NULL,
  `createdAt` datetime DEFAULT NULL,
  `updatedAt` datetime DEFAULT NULL,
  PRIMARY KEY (`id`)
) ENGINE=InnoDB AUTO_INCREMENT=3 DEFAULT CHARSET=utf8 COLLATE=utf8_bin;
/*!40101 SET character_set_client = @saved_cs_client */;

--
-- Dumping data for table `role`
--

LOCK TABLES `role` WRITE;
/*!40000 ALTER TABLE `role` DISABLE KEYS */;
INSERT INTO `role` VALUES (1,'admin','admin','2016-11-06 15:24:45','2016-11-06 15:24:47'),(2,'common','self','2016-11-06 15:26:09','2016-11-06 15:26:10');
/*!40000 ALTER TABLE `role` ENABLE KEYS */;
UNLOCK TABLES;

--
-- Table structure for table `status`
--

DROP TABLE IF EXISTS `status`;
/*!40101 SET @saved_cs_client     = @@character_set_client */;
/*!40101 SET character_set_client = utf8 */;
CREATE TABLE `status` (
  `houseid` int(11) NOT NULL,
  `elec` int(11) DEFAULT NULL,
  `property` int(11) DEFAULT NULL,
  `id` int(11) NOT NULL AUTO_INCREMENT,
  `createdAt` datetime DEFAULT NULL,
  `updatedAt` datetime DEFAULT NULL,
  PRIMARY KEY (`id`),
  UNIQUE KEY `houseid` (`houseid`)
) ENGINE=InnoDB AUTO_INCREMENT=6 DEFAULT CHARSET=utf8;
/*!40101 SET character_set_client = @saved_cs_client */;

--
-- Dumping data for table `status`
--

LOCK TABLES `status` WRITE;
/*!40000 ALTER TABLE `status` DISABLE KEYS */;
INSERT INTO `status` VALUES (1,1,1,1,'2016-05-02 13:00:00','2016-05-02 13:00:00'),(2,2,2,2,'2016-05-02 13:00:00','2016-05-02 13:00:00'),(3,3,3,3,'2016-05-02 13:00:00','2016-05-02 13:00:00'),(4,4,4,4,'2016-05-02 13:00:00','2016-05-02 13:00:00'),(5,5,5,5,'2016-05-02 13:00:00','2016-05-02 13:00:00');
/*!40000 ALTER TABLE `status` ENABLE KEYS */;
UNLOCK TABLES;

--
-- Table structure for table `user`
--

DROP TABLE IF EXISTS `user`;
/*!40101 SET @saved_cs_client     = @@character_set_client */;
/*!40101 SET character_set_client = utf8 */;
CREATE TABLE `user` (
  `id` int(11) NOT NULL AUTO_INCREMENT,
  `username` varchar(255) DEFAULT NULL,
  `password` varchar(255) DEFAULT NULL,
  `house` int(10) DEFAULT NULL,
  `role` int(10) DEFAULT NULL,
  `updatedAt` datetime DEFAULT NULL,
  `createdAt` datetime DEFAULT NULL,
  PRIMARY KEY (`id`),
  UNIQUE KEY `username` (`username`)
) ENGINE=InnoDB AUTO_INCREMENT=6 DEFAULT CHARSET=utf8;
/*!40101 SET character_set_client = @saved_cs_client */;

--
-- Dumping data for table `user`
--

LOCK TABLES `user` WRITE;
/*!40000 ALTER TABLE `user` DISABLE KEYS */;
INSERT INTO `user` VALUES (1,'tyt','e10adc3949ba59abbe56e057f20f883e',NULL,1,'2016-11-10 00:52:55','2016-11-06 17:20:45'),(2,'3单元103','e10adc3949ba59abbe56e057f20f883e',3,2,NULL,'2016-11-06 17:20:47'),(3,'3单元101','e10adc3949ba59abbe56e057f20f883e',1,2,'2016-11-09 00:58:38','2016-11-06 17:20:52'),(4,'3单元102','e10adc3949ba59abbe56e057f20f883e',2,2,NULL,'2016-11-06 17:20:54');
/*!40000 ALTER TABLE `user` ENABLE KEYS */;
UNLOCK TABLES;
/*!40103 SET TIME_ZONE=@OLD_TIME_ZONE */;

/*!40101 SET SQL_MODE=@OLD_SQL_MODE */;
/*!40014 SET FOREIGN_KEY_CHECKS=@OLD_FOREIGN_KEY_CHECKS */;
/*!40014 SET UNIQUE_CHECKS=@OLD_UNIQUE_CHECKS */;
/*!40101 SET CHARACTER_SET_CLIENT=@OLD_CHARACTER_SET_CLIENT */;
/*!40101 SET CHARACTER_SET_RESULTS=@OLD_CHARACTER_SET_RESULTS */;
/*!40101 SET COLLATION_CONNECTION=@OLD_COLLATION_CONNECTION */;
/*!40111 SET SQL_NOTES=@OLD_SQL_NOTES */;

-- Dump completed on 2016-11-10  9:41:56
